,loss,accuracy,val_loss,val_accuracy
0,1.4466944932937622,0.04545454680919647,255.248046875,0.375
1,209.93263244628906,0.5,675.8569946289062,0.3385416567325592
2,653.304931640625,0.40909090638160706,637.0081176757812,0.265625
3,646.795166015625,0.27272728085517883,116.15426635742188,0.3203125
4,94.9127426147461,0.3636363744735718,114.72623443603516,0.3619791567325592
5,94.11046600341797,0.4545454680919647,148.4600067138672,0.3385416567325592
6,130.5501708984375,0.4545454680919647,194.0432586669922,0.2916666567325592
7,161.83616638183594,0.27272728085517883,125.74209594726562,0.3359375
8,93.9142837524414,0.5454545617103577,98.19991302490234,0.3697916567325592
